<?xml version="1.0" encoding="UTF-8"?>
<project-private xmlns="http://www.netbeans.org/ns/project-private/1">
    <editor-bookmarks xmlns="http://www.netbeans.org/ns/editor-bookmarks/2" lastBookmarkId="0"/>
    <open-files xmlns="http://www.netbeans.org/ns/projectui-open-files/2">
        <group>
            <file>file:/C:/Users/Kamrul/Documents/NetBeansProjects/AdveProDrawnDigitsRecognition/src/zindach/mathlib/algebra/Vector.java</file>
            <file>file:/C:/Users/Kamrul/Documents/NetBeansProjects/AdveProDrawnDigitsRecognition/src/zindach/mathlib/algebra/Matrix.java</file>
            <file>file:/C:/Users/Kamrul/Documents/NetBeansProjects/AdveProDrawnDigitsRecognition/src/neuralnettest/master/NeuralNetTestMaster.java</file>
        </group>
    </open-files>
</project-private>
